id,type
23487929637,IssueCommentEvent
23487929676,PushEvent
23487929674,PushEvent
23487929661,PushEvent
23487929682,PushEvent
23487929673,PushEvent
23487929588,PushEvent
23487929636,CreateEvent
23487929580,IssuesEvent
23487929591,PushEvent
23487929533,PushEvent
23487929573,PushEvent
23487929349,PushEvent
23487929578,PushEvent
23487929597,IssueCommentEvent
23487929522,ReleaseEvent
23487929560,PushEvent
23487929536,PushEvent
23487929501,DeleteEvent
23487929523,PushEvent
23487929494,PushEvent
23487929532,PushEvent
23487929508,CreateEvent
23487929447,PushEvent
23487929496,DeleteEvent
23487929420,PushEvent
23487929439,PushEvent
23487929452,PushEvent
23487929428,IssuesEvent
23487929425,IssueCommentEvent
23488014775,PushEvent
23488014835,PushEvent
23488014776,PushEvent
23488014811,PushEvent
23488014823,PublicEvent
23488014790,CreateEvent
23488014819,WatchEvent
23488014824,DeleteEvent
23488014774,CreateEvent
23488014739,IssueCommentEvent
23488014693,PushEvent
23488014738,PushEvent
23488014721,PushEvent
23488014712,PushEvent
23488014704,PushEvent
23488014702,PushEvent
23488014728,PushEvent
23488014709,PushEvent
23488014769,CreateEvent
23488014740,PushEvent
23488014725,IssueCommentEvent
23488014708,IssuesEvent
23488014752,PullRequestReviewEvent
23488014635,PushEvent
23488014633,PushEvent
23488014680,PullRequestReviewCommentEvent
23488014638,PullRequestReviewEvent
23488014647,PushEvent
23488014662,PushEvent
23488014629,PushEvent
23487985360,PushEvent
23487985346,PullRequestReviewCommentEvent
23487985321,PullRequestReviewEvent
23487985350,PullRequestReviewEvent
23487985373,PullRequestReviewCommentEvent
23487985331,PullRequestReviewCommentEvent
23487985353,IssuesEvent
23487985271,PushEvent
23487985289,PushEvent
23487985292,WatchEvent
23487985343,WatchEvent
23487985312,IssuesEvent
23487985326,PullRequestReviewCommentEvent
23487985276,PushEvent
23487985280,PushEvent
23487985281,PushEvent
23487985272,PushEvent
23487985270,CreateEvent
23487985293,PullRequestEvent
23487985250,PullRequestReviewEvent
23487985234,IssueCommentEvent
23487985254,PushEvent
23487985231,IssueCommentEvent
23487985242,PullRequestReviewEvent
23487985209,PullRequestReviewCommentEvent
23487985185,IssueCommentEvent
23487985187,PullRequestReviewEvent
23487985213,PushEvent
23487985184,PushEvent
23487985178,PushEvent
23488007867,PushEvent
23488007871,PushEvent
23488007894,PushEvent
23488007886,CreateEvent
23488007941,CreateEvent
23488007824,PushEvent
23488007819,PushEvent
23488007807,PushEvent
23488007835,PushEvent
23488007809,PushEvent
23488007842,PushEvent
23488007844,PushEvent
23488007825,PushEvent
23488007865,CreateEvent
23488007821,PushEvent
23488007797,PushEvent
23488007810,PushEvent
23488007799,CreateEvent
23488007815,CreateEvent
23488007748,PushEvent
23488007803,PushEvent
23488007753,PushEvent
23488007776,PushEvent
23488007781,PushEvent
23488007743,PushEvent
23488007745,PushEvent
23488007751,PushEvent
23488007758,PushEvent
23488007754,PushEvent
23488007738,PushEvent
23487963576,WatchEvent
23487963624,CreateEvent
23487963529,PushEvent
23487963558,IssueCommentEvent
23487963581,PullRequestEvent
23487963532,PushEvent
23487963524,PushEvent
23487963526,PushEvent
23487963492,PushEvent
23487963504,DeleteEvent
23487963536,PullRequestReviewEvent
23487963495,CreateEvent
23487963522,PushEvent
23487963444,PushEvent
23487963462,PullRequestEvent
23487963480,IssuesEvent
23487963457,PushEvent
23487963413,PushEvent
23487963429,PushEvent
23487963448,PushEvent
23487963440,PushEvent
23487963411,IssueCommentEvent
23487963456,IssueCommentEvent
23487963426,WatchEvent
23487963471,PullRequestEvent
23487963425,CreateEvent
23487963368,PushEvent
23487963384,PushEvent
23487963376,PushEvent
23487963366,PushEvent
